-- phpMyAdmin SQL Dump
-- version 5.1.1
-- https://www.phpmyadmin.net/
--
-- Host: 127.0.0.1
-- Generation Time: Dec 11, 2021 at 03:33 PM
-- Server version: 10.4.21-MariaDB
-- PHP Version: 8.0.11

SET SQL_MODE = "NO_AUTO_VALUE_ON_ZERO";
START TRANSACTION;
SET time_zone = "+00:00";


/*!40101 SET @OLD_CHARACTER_SET_CLIENT=@@CHARACTER_SET_CLIENT */;
/*!40101 SET @OLD_CHARACTER_SET_RESULTS=@@CHARACTER_SET_RESULTS */;
/*!40101 SET @OLD_COLLATION_CONNECTION=@@COLLATION_CONNECTION */;
/*!40101 SET NAMES utf8mb4 */;

--
-- Database: `btl`
--

-- --------------------------------------------------------

--
-- Table structure for table `booking`
--

CREATE TABLE `booking` (
  `BOOKING_ID` int(11) NOT NULL,
  `BOOKING_DATE` date NOT NULL,
  `SEAT` int(11) NOT NULL,
  `USER_ID` int(11) NOT NULL,
  `SHOW_ID` int(11) NOT NULL
) ENGINE=InnoDB DEFAULT CHARSET=utf8mb4;

--
-- Dumping data for table `booking`
--

INSERT INTO `booking` (`BOOKING_ID`, `BOOKING_DATE`, `SEAT`, `USER_ID`, `SHOW_ID`) VALUES
(1, '2021-11-19', 1, 4, 10),
(2, '2021-11-19', 2, 4, 2),
(3, '2021-11-19', 10, 4, 10),
(4, '2021-11-19', 11, 4, 10),
(5, '2021-11-19', 19, 4, 10),
(6, '2021-11-19', 20, 4, 10),
(7, '2021-11-19', 4, 5, 10),
(8, '2021-11-19', 5, 5, 10),
(9, '2021-11-19', 12, 5, 10),
(10, '2021-11-19', 13, 5, 10),
(11, '2021-11-19', 10, 4, 11),
(12, '2021-11-19', 11, 5, 11),
(13, '2021-11-19', 12, 6, 11),
(14, '2021-11-19', 13, 7, 11),
(15, '2021-11-19', 14, 7, 11),
(16, '2021-11-19', 15, 8, 11),
(17, '2021-11-27', 10, 4, 14),
(18, '2021-11-27', 11, 8, 14),
(19, '2021-11-27', 12, 4, 20),
(20, '2021-11-27', 13, 4, 20),
(21, '2021-11-27', 14, 5, 20),
(22, '2021-11-27', 15, 5, 20),
(23, '2021-11-27', 16, 6, 20),
(24, '2021-11-27', 17, 6, 20),
(25, '2021-11-27', 18, 7, 20),
(26, '2021-11-27', 19, 7, 20),
(27, '2021-11-27', 20, 7, 20),
(28, '2021-11-27', 6, 8, 20),
(29, '2021-11-27', 7, 8, 20),
(30, '2021-11-27', 8, 8, 20),
(31, '2021-11-28', 1, 5, 29),
(32, '2021-11-28', 2, 6, 29),
(33, '2021-11-28', 3, 7, 29),
(34, '2021-11-28', 10, 7, 29),
(35, '2021-11-28', 11, 7, 29),
(36, '2021-11-28', 12, 5, 29),
(37, '2021-11-28', 10, 5, 29),
(38, '2021-11-28', 13, 6, 29),
(39, '2021-11-28', 19, 4, 30),
(40, '2021-11-28', 20, 8, 30),
(41, '2021-11-28', 9, 4, 21),
(42, '2021-11-28', 4, 5, 21),
(43, '2021-11-28', 6, 6, 21),
(44, '2021-11-28', 7, 4, 21),
(45, '2021-11-28', 11, 4, 21),
(46, '2021-11-28', 12, 8, 21),
(47, '2021-11-28', 16, 7, 21),
(48, '2021-11-28', 17, 4, 21),
(49, '2021-11-28', 20, 7, 21),
(50, '2021-11-28', 19, 4, 21),
(51, '2021-12-11', 3, 5, 1),
(52, '2021-12-11', 2, 4, 3),
(53, '2021-12-11', 1, 10, 31),
(54, '2021-12-11', 2, 10, 31),
(55, '2021-12-11', 4, 10, 31),
(56, '2021-12-11', 1, 10, 32),
(57, '2021-12-11', 2, 10, 32),
(58, '2021-12-11', 3, 10, 31),
(59, '2021-12-11', 20, 10, 31),
(60, '2021-12-11', 20, 10, 32),
(61, '2021-12-11', 4, 10, 33),
(62, '2021-12-11', 2, 10, 33);

-- --------------------------------------------------------

--
-- Table structure for table `movie`
--

CREATE TABLE `movie` (
  `MOVIE_ID` int(11) NOT NULL,
  `TITILE` varchar(50) NOT NULL,
  `COUNTRY` varchar(50) NOT NULL,
  `DURATION` int(11) NOT NULL
) ENGINE=InnoDB DEFAULT CHARSET=utf8mb4;

--
-- Dumping data for table `movie`
--

INSERT INTO `movie` (`MOVIE_ID`, `TITILE`, `COUNTRY`, `DURATION`) VALUES
(1, 'Arcane', 'Mỹ ', 90),
(2, 'Bố già', 'Việt Nam', 90),
(3, 'Đảo hải tặc', 'Nhật Bản', 80),
(4, 'Ở nhà một minh', 'Anh', 80),
(5, 'Thần Bài 1', 'HongKong', 100),
(6, 'Thần Bài 2', 'HongKong', 100),
(7, 'Thần Bài 3', 'HongKong', 90),
(8, 'Chơi ngải 1', 'HongKong', 90),
(9, 'Venom 2', 'Mỹ ', 80),
(10, 'Ký sinh trùng', 'Hàn Quốc', 120),
(11, 'Tây Du Ký', 'Trung Quốc', 70),
(12, 'Fast and Furious', 'Mỹ ', 120),
(13, 'Cua lại vợ bầu', 'Việt Nam', 90),
(14, 'Rushed', 'Mỹ ', 80),
(15, 'Đấu trường sinh tử', 'Thái Lan', 90),
(16, 'Vô Song', 'Trung Quốc', 90),
(17, 'Ma Cà Rồng', 'Anh', 80),
(18, 'Nguyễn Văn Cường', 'Việt Nam', 90);

-- --------------------------------------------------------

--
-- Table structure for table `seat`
--

CREATE TABLE `seat` (
  `SHOW_ID` int(11) NOT NULL,
  `NUM_SEAT` int(11) NOT NULL,
  `STATUS` int(11) NOT NULL
) ENGINE=InnoDB DEFAULT CHARSET=utf8mb4;

--
-- Dumping data for table `seat`
--

INSERT INTO `seat` (`SHOW_ID`, `NUM_SEAT`, `STATUS`) VALUES
(1, 1, 1),
(1, 2, 1),
(1, 3, 1),
(1, 4, 0),
(1, 5, 0),
(1, 6, 1),
(1, 7, 1),
(1, 8, 1),
(1, 9, 1),
(1, 10, 1),
(1, 11, 1),
(1, 12, 0),
(1, 13, 0),
(1, 14, 0),
(1, 15, 0),
(1, 16, 0),
(1, 17, 0),
(1, 18, 0),
(1, 19, 0),
(1, 20, 0),
(2, 1, 0),
(2, 2, 0),
(2, 3, 0),
(2, 4, 0),
(2, 5, 0),
(2, 6, 0),
(2, 7, 0),
(2, 8, 0),
(2, 9, 0),
(2, 10, 0),
(2, 11, 0),
(2, 12, 0),
(2, 13, 0),
(2, 14, 0),
(2, 15, 0),
(2, 16, 0),
(2, 17, 0),
(2, 18, 0),
(2, 19, 0),
(2, 20, 0),
(3, 1, 0),
(3, 2, 1),
(3, 3, 0),
(3, 4, 0),
(3, 5, 0),
(3, 6, 0),
(3, 7, 0),
(3, 8, 0),
(3, 9, 0),
(3, 10, 0),
(3, 11, 0),
(3, 12, 0),
(3, 13, 0),
(3, 14, 0),
(3, 15, 0),
(3, 16, 0),
(3, 17, 0),
(3, 18, 0),
(3, 19, 0),
(3, 20, 0),
(4, 1, 0),
(4, 2, 0),
(4, 3, 0),
(4, 4, 0),
(4, 5, 0),
(4, 6, 0),
(4, 7, 0),
(4, 8, 0),
(4, 9, 0),
(4, 10, 0),
(4, 11, 0),
(4, 12, 0),
(4, 13, 0),
(4, 14, 0),
(4, 15, 0),
(4, 16, 0),
(4, 17, 0),
(4, 18, 0),
(4, 19, 0),
(4, 20, 0),
(5, 1, 0),
(5, 2, 0),
(5, 3, 0),
(5, 4, 0),
(5, 5, 0),
(5, 6, 0),
(5, 7, 0),
(5, 8, 0),
(5, 9, 0),
(5, 10, 0),
(5, 11, 0),
(5, 12, 0),
(5, 13, 0),
(5, 14, 0),
(5, 15, 0),
(5, 16, 0),
(5, 17, 0),
(5, 18, 0),
(5, 19, 0),
(5, 20, 0),
(6, 1, 1),
(6, 2, 1),
(6, 3, 1),
(6, 4, 1),
(6, 5, 1),
(6, 6, 1),
(6, 7, 1),
(6, 8, 1),
(6, 9, 1),
(6, 10, 1),
(6, 11, 1),
(6, 12, 1),
(6, 13, 1),
(6, 14, 1),
(6, 15, 0),
(6, 16, 0),
(6, 17, 0),
(6, 18, 0),
(6, 19, 0),
(6, 20, 1),
(7, 1, 1),
(7, 2, 1),
(7, 3, 1),
(7, 4, 1),
(7, 5, 1),
(7, 6, 0),
(7, 7, 0),
(7, 8, 0),
(7, 9, 0),
(7, 10, 0),
(7, 11, 0),
(7, 12, 0),
(7, 13, 0),
(7, 14, 0),
(7, 15, 0),
(7, 16, 0),
(7, 17, 0),
(7, 18, 0),
(7, 19, 0),
(7, 20, 0),
(8, 1, 0),
(8, 2, 0),
(8, 3, 0),
(8, 4, 0),
(8, 5, 0),
(8, 6, 0),
(8, 7, 0),
(8, 8, 0),
(8, 9, 0),
(8, 10, 0),
(8, 11, 0),
(8, 12, 0),
(8, 13, 0),
(8, 14, 0),
(8, 15, 0),
(8, 16, 0),
(8, 17, 0),
(8, 18, 0),
(8, 19, 0),
(8, 20, 0),
(9, 1, 0),
(9, 2, 0),
(9, 3, 0),
(9, 4, 0),
(9, 5, 0),
(9, 6, 0),
(9, 7, 0),
(9, 8, 0),
(9, 9, 0),
(9, 10, 0),
(9, 11, 0),
(9, 12, 0),
(9, 13, 0),
(9, 14, 0),
(9, 15, 0),
(9, 16, 0),
(9, 17, 0),
(9, 18, 0),
(9, 19, 0),
(9, 20, 0),
(10, 1, 0),
(10, 2, 0),
(10, 3, 0),
(10, 4, 0),
(10, 5, 0),
(10, 6, 0),
(10, 7, 0),
(10, 8, 0),
(10, 9, 0),
(10, 10, 0),
(10, 11, 0),
(10, 12, 0),
(10, 13, 0),
(10, 14, 0),
(10, 15, 0),
(10, 16, 0),
(10, 17, 0),
(10, 18, 0),
(10, 19, 0),
(10, 20, 0),
(11, 1, 0),
(11, 2, 0),
(11, 3, 0),
(11, 4, 0),
(11, 5, 0),
(11, 6, 0),
(11, 7, 0),
(11, 8, 0),
(11, 9, 0),
(11, 10, 0),
(11, 11, 0),
(11, 12, 0),
(11, 13, 0),
(11, 14, 0),
(11, 15, 1),
(11, 16, 1),
(11, 17, 1),
(11, 18, 1),
(11, 19, 1),
(11, 20, 1),
(12, 1, 1),
(12, 2, 1),
(12, 3, 1),
(12, 4, 1),
(12, 5, 1),
(12, 6, 1),
(12, 7, 1),
(12, 8, 1),
(12, 9, 0),
(12, 10, 0),
(12, 11, 0),
(12, 12, 0),
(12, 13, 0),
(12, 14, 1),
(12, 15, 1),
(12, 16, 1),
(12, 17, 1),
(12, 18, 1),
(12, 19, 1),
(12, 20, 0),
(13, 1, 0),
(13, 2, 0),
(13, 3, 0),
(13, 4, 0),
(13, 5, 0),
(13, 6, 0),
(13, 7, 0),
(13, 8, 0),
(13, 9, 0),
(13, 10, 0),
(13, 11, 0),
(13, 12, 0),
(13, 13, 0),
(13, 14, 0),
(13, 15, 0),
(13, 16, 0),
(13, 17, 0),
(13, 18, 0),
(13, 19, 0),
(13, 20, 0),
(14, 1, 0),
(14, 2, 0),
(14, 3, 0),
(14, 4, 0),
(14, 5, 0),
(14, 6, 0),
(14, 7, 0),
(14, 8, 0),
(14, 9, 0),
(14, 10, 0),
(14, 11, 0),
(14, 12, 0),
(14, 13, 0),
(14, 14, 0),
(14, 15, 0),
(14, 16, 0),
(14, 17, 0),
(14, 18, 0),
(14, 19, 0),
(14, 20, 0),
(15, 1, 0),
(15, 2, 0),
(15, 3, 0),
(15, 4, 0),
(15, 5, 0),
(15, 6, 0),
(15, 7, 0),
(15, 8, 0),
(15, 9, 0),
(15, 10, 0),
(15, 11, 0),
(15, 12, 0),
(15, 13, 0),
(15, 14, 0),
(15, 15, 0),
(15, 16, 0),
(15, 17, 0),
(15, 18, 0),
(15, 19, 0),
(15, 20, 0),
(16, 1, 0),
(16, 2, 0),
(16, 3, 0),
(16, 4, 0),
(16, 5, 0),
(16, 6, 0),
(16, 7, 0),
(16, 8, 0),
(16, 9, 0),
(16, 10, 0),
(16, 11, 0),
(16, 12, 0),
(16, 13, 0),
(16, 14, 0),
(16, 15, 0),
(16, 16, 0),
(16, 17, 0),
(16, 18, 0),
(16, 19, 0),
(16, 20, 0),
(17, 1, 0),
(17, 2, 0),
(17, 3, 0),
(17, 4, 0),
(17, 5, 0),
(17, 6, 0),
(17, 7, 0),
(17, 8, 0),
(17, 9, 1),
(17, 10, 1),
(17, 11, 1),
(17, 12, 1),
(17, 13, 1),
(17, 14, 1),
(17, 15, 1),
(17, 16, 1),
(17, 17, 1),
(17, 18, 1),
(17, 19, 1),
(17, 20, 1),
(31, 1, 1),
(31, 2, 1),
(31, 3, 1),
(31, 4, 1),
(31, 5, 0),
(31, 6, 0),
(31, 7, 0),
(31, 8, 0),
(31, 9, 0),
(31, 10, 0),
(31, 11, 0),
(31, 12, 0),
(31, 13, 0),
(31, 14, 0),
(31, 15, 0),
(31, 16, 0),
(31, 17, 0),
(31, 18, 0),
(31, 19, 0),
(31, 20, 1),
(32, 1, 1),
(32, 2, 1),
(32, 3, 0),
(32, 4, 0),
(32, 5, 0),
(32, 6, 0),
(32, 7, 0),
(32, 8, 0),
(32, 9, 0),
(32, 10, 0),
(32, 11, 0),
(32, 12, 0),
(32, 13, 0),
(32, 14, 0),
(32, 15, 0),
(32, 16, 0),
(32, 17, 0),
(32, 18, 0),
(32, 19, 0),
(32, 20, 1),
(33, 1, 0),
(33, 2, 1),
(33, 3, 0),
(33, 4, 1),
(33, 5, 0),
(33, 6, 0),
(33, 7, 0),
(33, 8, 0),
(33, 9, 0),
(33, 10, 0),
(33, 11, 0),
(33, 12, 0),
(33, 13, 0),
(33, 14, 0),
(33, 15, 0),
(33, 16, 0),
(33, 17, 0),
(33, 18, 0),
(33, 19, 0),
(33, 20, 0),
(34, 1, 0),
(34, 2, 0),
(34, 3, 0),
(34, 4, 0),
(34, 5, 0),
(34, 6, 0),
(34, 7, 0),
(34, 8, 0),
(34, 9, 0),
(34, 10, 0),
(34, 11, 0),
(34, 12, 0),
(34, 13, 0),
(34, 14, 0),
(34, 15, 0),
(34, 16, 0),
(34, 17, 0),
(34, 18, 0),
(34, 19, 0),
(34, 20, 0),
(35, 1, 0),
(35, 2, 0),
(35, 3, 0),
(35, 4, 0),
(35, 5, 0),
(35, 6, 0),
(35, 7, 0),
(35, 8, 0),
(35, 9, 0),
(35, 10, 0),
(35, 11, 0),
(35, 12, 0),
(35, 13, 0),
(35, 14, 0),
(35, 15, 0),
(35, 16, 0),
(35, 17, 0),
(35, 18, 0),
(35, 19, 0),
(35, 20, 0);

-- --------------------------------------------------------

--
-- Table structure for table `show_movie`
--

CREATE TABLE `show_movie` (
  `SHOW_ID` int(11) NOT NULL,
  `DATE_SHOW` date NOT NULL,
  `START_TIME` time NOT NULL,
  `FARE` int(11) NOT NULL,
  `MOVIE_ID` int(11) NOT NULL
) ENGINE=InnoDB DEFAULT CHARSET=utf8mb4;

--
-- Dumping data for table `show_movie`
--

INSERT INTO `show_movie` (`SHOW_ID`, `DATE_SHOW`, `START_TIME`, `FARE`, `MOVIE_ID`) VALUES
(1, '2021-11-20', '00:00:00', 30000, 1),
(2, '2021-11-20', '02:00:00', 30000, 2),
(3, '2021-11-20', '04:00:00', 30000, 1),
(4, '2021-11-20', '06:00:00', 30000, 3),
(5, '2021-11-20', '08:00:00', 50000, 3),
(6, '2021-11-20', '10:00:00', 50000, 4),
(7, '2021-11-20', '12:00:00', 50000, 5),
(8, '2021-11-20', '14:00:00', 50000, 3),
(9, '2021-11-20', '16:00:00', 100000, 10),
(10, '2021-11-20', '18:00:00', 120000, 10),
(11, '2021-11-20', '20:00:00', 120000, 10),
(12, '2021-11-20', '22:00:00', 120000, 10),
(13, '2021-11-20', '24:00:00', 120000, 10),
(14, '2021-11-30', '06:00:00', 50000, 1),
(15, '2021-11-30', '08:00:00', 50000, 1),
(16, '2021-11-30', '10:00:00', 50000, 2),
(17, '2021-11-30', '12:00:00', 50000, 4),
(18, '2021-11-30', '14:00:00', 50000, 5),
(19, '2021-11-30', '16:00:00', 70000, 6),
(20, '2021-11-30', '18:00:00', 70000, 7),
(21, '2021-11-30', '20:00:00', 70000, 8),
(22, '2021-11-30', '22:00:00', 50000, 5),
(23, '2021-12-01', '08:00:00', 50000, 5),
(24, '2021-12-01', '10:00:00', 50000, 5),
(25, '2021-12-01', '12:00:00', 100000, 10),
(26, '2021-12-01', '14:00:00', 100000, 10),
(27, '2021-12-01', '16:00:00', 100000, 10),
(28, '2021-12-01', '18:00:00', 120000, 10),
(29, '2021-12-01', '20:00:00', 120000, 10),
(30, '2021-12-01', '22:00:00', 120000, 10),
(31, '2022-01-01', '19:00:00', 450000, 1),
(32, '2022-01-01', '17:00:00', 450000, 2),
(33, '2022-01-02', '18:15:00', 45000, 1),
(34, '2021-12-02', '01:00:00', 50000, 1),
(35, '2022-02-01', '17:45:00', 50000, 1);

-- --------------------------------------------------------

--
-- Table structure for table `user`
--

CREATE TABLE `user` (
  `USER_ID` int(11) NOT NULL,
  `USERNAME` varchar(50) NOT NULL,
  `PASSWORD` varchar(50) NOT NULL,
  `WALLET` int(11) NOT NULL,
  `NAME` varchar(50) NOT NULL,
  `IS_MANAGER` int(11) NOT NULL
) ENGINE=InnoDB DEFAULT CHARSET=utf8mb4;

--
-- Dumping data for table `user`
--

INSERT INTO `user` (`USER_ID`, `USERNAME`, `PASSWORD`, `WALLET`, `NAME`, `IS_MANAGER`) VALUES
(1, 'admin1', '123456az', 1000000, 'Admin BG', 1),
(2, 'admin2', '123456az', 1000000, 'Admin HN', 1),
(3, 'admin3', '123456az', 1000000, 'Admin TH', 1),
(4, 'pad195', '123456az', 970000, 'Anh Đức', 0),
(5, 'nvc087', '123456az', 910000, 'Văn Cường', 0),
(6, 'htd174', '123456az', 1000000, 'Tiến Đạt', 0),
(7, 'hta2001', '123456az', 1000000, 'Trung Anh', 0),
(8, 'nxn2001', '12345678', 1000000, 'Xuân Ngọc', 0),
(9, 'ptt2001', '12345678', 1000000, 'Tường Thuỵ', 0),
(10, 'a', 'b', 997210000, 'a', 0),
(11, 'b', 'b', 1000000, 'b', 0);

--
-- Indexes for dumped tables
--

--
-- Indexes for table `booking`
--
ALTER TABLE `booking`
  ADD PRIMARY KEY (`BOOKING_ID`);

--
-- Indexes for table `movie`
--
ALTER TABLE `movie`
  ADD PRIMARY KEY (`MOVIE_ID`);

--
-- Indexes for table `seat`
--
ALTER TABLE `seat`
  ADD KEY `SHOW_ID` (`SHOW_ID`);

--
-- Indexes for table `show_movie`
--
ALTER TABLE `show_movie`
  ADD PRIMARY KEY (`SHOW_ID`),
  ADD KEY `MOVIE_ID` (`MOVIE_ID`);

--
-- Indexes for table `user`
--
ALTER TABLE `user`
  ADD PRIMARY KEY (`USER_ID`);

--
-- AUTO_INCREMENT for dumped tables
--

--
-- AUTO_INCREMENT for table `booking`
--
ALTER TABLE `booking`
  MODIFY `BOOKING_ID` int(11) NOT NULL AUTO_INCREMENT, AUTO_INCREMENT=63;

--
-- AUTO_INCREMENT for table `movie`
--
ALTER TABLE `movie`
  MODIFY `MOVIE_ID` int(11) NOT NULL AUTO_INCREMENT, AUTO_INCREMENT=20;

--
-- AUTO_INCREMENT for table `show_movie`
--
ALTER TABLE `show_movie`
  MODIFY `SHOW_ID` int(11) NOT NULL AUTO_INCREMENT, AUTO_INCREMENT=36;

--
-- AUTO_INCREMENT for table `user`
--
ALTER TABLE `user`
  MODIFY `USER_ID` int(11) NOT NULL AUTO_INCREMENT, AUTO_INCREMENT=12;
COMMIT;

/*!40101 SET CHARACTER_SET_CLIENT=@OLD_CHARACTER_SET_CLIENT */;
/*!40101 SET CHARACTER_SET_RESULTS=@OLD_CHARACTER_SET_RESULTS */;
/*!40101 SET COLLATION_CONNECTION=@OLD_COLLATION_CONNECTION */;
